date,region,demand_mw,supply_mw,hour,day_of_week,month,temperature
2024-01-01,North,1544,1694,15,Monday,January,15
2024-01-01,South,1106,1169,10,Monday,January,18
2024-01-01,East,1276,1348,15,Monday,January,15
2024-01-01,West,1010,1102,12,Monday,January,15
2024-01-02,North,1621,1751,10,Tuesday,January,19
2024-01-02,South,1138,1229,11,Tuesday,January,10
2024-01-02,East,1249,1317,14,Tuesday,January,6
2024-01-02,West,926,999,10,Tuesday,January,13
2024-01-03,North,1641,1760,10,Wednesday,January,19
2024-01-03,South,1298,1415,13,Wednesday,January,15
2024-01-03,East,1248,1325,15,Wednesday,January,6
2024-01-03,West,923,970,17,Wednesday,January,-2
2024-01-04,North,1483,1613,13,Thursday,January,16
2024-01-04,South,1199,1270,17,Thursday,January,6
2024-01-04,East,1436,1572,14,Thursday,January,10
2024-01-04,West,891,960,14,Thursday,January,2
2024-01-05,North,1693,1840,14,Friday,January,18
2024-01-05,South,1153,1226,14,Friday,January,3
2024-01-05,East,1266,1339,10,Friday,January,3
2024-01-05,West,974,1032,10,Friday,January,5
2024-01-06,North,1150,1248,16,Saturday,January,-1
2024-01-06,South,996,1078,17,Saturday,January,3
2024-01-06,East,1045,1114,10,Saturday,January,17
2024-01-06,West,738,799,14,Saturday,January,16
2024-01-07,North,1318,1415,11,Sunday,January,8
2024-01-07,South,982,1066,12,Sunday,January,8
2024-01-07,East,1018,1095,13,Sunday,January,4
2024-01-07,West,705,747,16,Sunday,January,11
2024-01-08,North,1525,1640,17,Monday,January,17
2024-01-08,South,1212,1305,12,Monday,January,7
2024-01-08,East,1208,1285,11,Monday,January,-4
2024-01-08,West,946,1007,11,Monday,January,6
2024-01-09,North,1484,1624,14,Tuesday,January,17
2024-01-09,South,1282,1366,11,Tuesday,January,19
2024-01-09,East,1358,1425,13,Tuesday,January,-3
2024-01-09,West,832,894,13,Tuesday,January,-1
2024-01-10,North,1644,1748,12,Wednesday,January,16
2024-01-10,South,1121,1208,13,Wednesday,January,11
2024-01-10,East,1255,1333,15,Wednesday,January,-3
2024-01-10,West,887,943,10,Wednesday,January,11
2024-01-11,North,1734,1856,10,Thursday,January,-5
2024-01-11,South,1219,1321,14,Thursday,January,0
2024-01-11,East,1251,1355,15,Thursday,January,11
2024-01-11,West,966,1032,15,Thursday,January,0
2024-01-12,North,1551,1691,16,Friday,January,3
2024-01-12,South,1145,1212,10,Friday,January,14
2024-01-12,East,1274,1351,15,Friday,January,13
2024-01-12,West,896,945,17,Friday,January,2
2024-01-13,North,1196,1311,11,Saturday,January,19
2024-01-13,South,847,928,16,Saturday,January,-3
2024-01-13,East,964,1020,18,Saturday,January,14
2024-01-13,West,718,762,11,Saturday,January,6
2024-01-14,North,1238,1354,12,Sunday,January,3
2024-01-14,South,890,966,16,Sunday,January,18
2024-01-14,East,1000,1094,16,Sunday,January,11
2024-01-14,West,665,728,14,Sunday,January,-3
2024-01-15,North,1543,1692,17,Monday,January,12
2024-01-15,South,1107,1192,15,Monday,January,10
2024-01-15,East,1450,1535,10,Monday,January,8
2024-01-15,West,891,968,15,Monday,January,1
2024-01-16,North,1653,1761,14,Tuesday,January,13
2024-01-16,South,1220,1296,14,Tuesday,January,0
2024-01-16,East,1291,1413,15,Tuesday,January,-4
2024-01-16,West,896,969,15,Tuesday,January,-5
2024-01-17,North,1487,1615,12,Wednesday,January,-3
2024-01-17,South,1251,1316,18,Wednesday,January,8
2024-01-17,East,1429,1526,10,Wednesday,January,18
2024-01-17,West,892,961,14,Wednesday,January,-5
2024-01-18,North,1449,1543,12,Thursday,January,-5
2024-01-18,South,1144,1210,14,Thursday,January,16
2024-01-18,East,1371,1478,11,Thursday,January,9
2024-01-18,West,1014,1071,14,Thursday,January,-4
2024-01-19,North,1527,1668,11,Friday,January,16
2024-01-19,South,1154,1228,16,Friday,January,-3
2024-01-19,East,1255,1356,11,Friday,January,1
2024-01-19,West,924,1007,15,Friday,January,8
2024-01-20,North,1296,1418,13,Saturday,January,-4
2024-01-20,South,843,909,10,Saturday,January,19
2024-01-20,East,949,1043,16,Saturday,January,16
2024-01-20,West,678,713,13,Saturday,January,5
2024-01-21,North,1132,1218,15,Sunday,January,6
2024-01-21,South,1003,1076,16,Sunday,January,14
2024-01-21,East,1001,1086,11,Sunday,January,10
2024-01-21,West,781,840,13,Sunday,January,11
2024-01-22,North,1551,1662,15,Monday,January,-1
2024-01-22,South,1112,1172,13,Monday,January,6
2024-01-22,East,1295,1370,11,Monday,January,-4
2024-01-22,West,875,922,12,Monday,January,7
2024-01-23,North,1514,1661,15,Tuesday,January,-1
2024-01-23,South,1214,1300,12,Tuesday,January,10
2024-01-23,East,1229,1297,13,Tuesday,January,-1
2024-01-23,West,849,904,17,Tuesday,January,-1
2024-01-24,North,1575,1661,14,Wednesday,January,1
2024-01-24,South,1151,1235,15,Wednesday,January,4
2024-01-24,East,1438,1573,12,Wednesday,January,4
2024-01-24,West,947,1018,16,Wednesday,January,-1
2024-01-25,North,1642,1774,17,Thursday,January,-4
2024-01-25,South,1075,1160,17,Thursday,January,18
2024-01-25,East,1366,1473,11,Thursday,January,13
2024-01-25,West,983,1062,16,Thursday,January,2
2024-01-26,North,1712,1814,10,Friday,January,8
2024-01-26,South,1073,1131,15,Friday,January,11
2024-01-26,East,1361,1455,15,Friday,January,-4
2024-01-26,West,879,944,15,Friday,January,12
2024-01-27,North,1255,1372,15,Saturday,January,15
2024-01-27,South,1003,1080,13,Saturday,January,18
2024-01-27,East,1082,1189,13,Saturday,January,12
2024-01-27,West,678,731,16,Saturday,January,-1
2024-01-28,North,1160,1257,15,Sunday,January,-3
2024-01-28,South,845,925,14,Sunday,January,10
2024-01-28,East,997,1061,11,Sunday,January,-2
2024-01-28,West,644,705,11,Sunday,January,1
2024-01-29,North,1728,1872,14,Monday,January,9
2024-01-29,South,1088,1147,14,Monday,January,14
2024-01-29,East,1365,1484,16,Monday,January,19
2024-01-29,West,852,934,17,Monday,January,8
2024-01-30,North,1599,1714,16,Tuesday,January,5
2024-01-30,South,1236,1357,15,Tuesday,January,6
2024-01-30,East,1416,1546,13,Tuesday,January,2
2024-01-30,West,845,921,15,Tuesday,January,-1
2024-01-31,North,1588,1685,14,Wednesday,January,7
2024-01-31,South,1157,1261,17,Wednesday,January,19
2024-01-31,East,1344,1434,15,Wednesday,January,13
2024-01-31,West,975,1050,13,Wednesday,January,13
2024-02-01,North,1460,1568,10,Thursday,February,14
2024-02-01,South,1097,1158,15,Thursday,February,-5
2024-02-01,East,1367,1451,13,Thursday,February,11
2024-02-01,West,846,910,13,Thursday,February,6
2024-02-02,North,1735,1869,13,Friday,February,10
2024-02-02,South,1194,1312,10,Friday,February,-3
2024-02-02,East,1371,1444,11,Friday,February,11
2024-02-02,West,960,1029,14,Friday,February,16
2024-02-03,North,1195,1298,17,Saturday,February,4
2024-02-03,South,1000,1094,14,Saturday,February,15
2024-02-03,East,974,1031,14,Saturday,February,12
2024-02-03,West,680,726,12,Saturday,February,16
2024-02-04,North,1109,1179,13,Sunday,February,7
2024-02-04,South,951,1006,17,Sunday,February,0
2024-02-04,East,1111,1206,14,Sunday,February,-4
2024-02-04,West,654,715,14,Sunday,February,-1
2024-02-05,North,1433,1531,16,Monday,February,9
2024-02-05,South,1104,1191,13,Monday,February,16
2024-02-05,East,1406,1516,10,Monday,February,3
2024-02-05,West,908,965,10,Monday,February,0
2024-02-06,North,1644,1770,15,Tuesday,February,-3
2024-02-06,South,1201,1307,17,Tuesday,February,4
2024-02-06,East,1287,1366,12,Tuesday,February,-5
2024-02-06,West,1007,1087,12,Tuesday,February,11
2024-02-07,North,1665,1752,12,Wednesday,February,1
2024-02-07,South,1228,1321,15,Wednesday,February,12
2024-02-07,East,1412,1521,14,Wednesday,February,19
2024-02-07,West,940,1009,13,Wednesday,February,-1
2024-02-08,North,1622,1760,12,Thursday,February,0
2024-02-08,South,1215,1335,14,Thursday,February,12
2024-02-08,East,1291,1383,17,Thursday,February,14
2024-02-08,West,932,999,17,Thursday,February,17
2024-02-09,North,1591,1726,16,Friday,February,4
2024-02-09,South,1289,1385,12,Friday,February,18
2024-02-09,East,1200,1297,13,Friday,February,5
2024-02-09,West,938,1000,14,Friday,February,17
2024-02-10,North,1132,1197,11,Saturday,February,2
2024-02-10,South,859,931,13,Saturday,February,-3
2024-02-10,East,1023,1123,14,Saturday,February,13
2024-02-10,West,648,685,12,Saturday,February,16
2024-02-11,North,1123,1185,14,Sunday,February,8
2024-02-11,South,893,960,15,Sunday,February,3
2024-02-11,East,936,1005,15,Sunday,February,18
2024-02-11,West,767,840,10,Sunday,February,-2
2024-02-12,North,1681,1827,12,Monday,February,9
2024-02-12,South,1196,1311,12,Monday,February,17
2024-02-12,East,1328,1442,10,Monday,February,18
2024-02-12,West,856,928,16,Monday,February,5
2024-02-13,North,1594,1682,13,Tuesday,February,-3
2024-02-13,South,1163,1227,15,Tuesday,February,4
2024-02-13,East,1336,1458,11,Tuesday,February,6
2024-02-13,West,874,932,14,Tuesday,February,4
2024-02-14,North,1675,1800,11,Wednesday,February,9
2024-02-14,South,1244,1340,14,Wednesday,February,6
2024-02-14,East,1221,1299,13,Wednesday,February,-4
2024-02-14,West,876,941,13,Wednesday,February,19
2024-02-15,North,1500,1582,11,Thursday,February,17
2024-02-15,South,1185,1294,11,Thursday,February,18
2024-02-15,East,1424,1500,14,Thursday,February,2
2024-02-15,West,960,1055,16,Thursday,February,14
2024-02-16,North,1732,1893,16,Friday,February,11
2024-02-16,South,1185,1287,16,Friday,February,-4
2024-02-16,East,1334,1438,12,Friday,February,6
2024-02-16,West,869,954,15,Friday,February,14
2024-02-17,North,1225,1301,11,Saturday,February,8
2024-02-17,South,879,948,11,Saturday,February,-2
2024-02-17,East,983,1061,13,Saturday,February,18
2024-02-17,West,661,696,18,Saturday,February,7
2024-02-18,North,1269,1338,11,Sunday,February,3
2024-02-18,South,965,1041,14,Sunday,February,17
2024-02-18,East,1080,1139,16,Sunday,February,6
2024-02-18,West,700,767,18,Sunday,February,-4
2024-02-19,North,1483,1562,15,Monday,February,16
2024-02-19,South,1080,1176,16,Monday,February,-1
2024-02-19,East,1241,1313,11,Monday,February,-1
2024-02-19,West,875,946,17,Monday,February,19
2024-02-20,North,1703,1821,16,Tuesday,February,1
2024-02-20,South,1238,1355,14,Tuesday,February,-5
2024-02-20,East,1385,1489,12,Tuesday,February,-5
2024-02-20,West,903,972,10,Tuesday,February,2
2024-02-21,North,1623,1713,17,Wednesday,February,1
2024-02-21,South,1242,1347,11,Wednesday,February,9
2024-02-21,East,1351,1454,16,Wednesday,February,-2
2024-02-21,West,1015,1103,15,Wednesday,February,17
2024-02-22,North,1470,1558,15,Thursday,February,-1
2024-02-22,South,1277,1362,16,Thursday,February,9
2024-02-22,East,1411,1490,13,Thursday,February,2
2024-02-22,West,859,911,15,Thursday,February,-4
2024-02-23,North,1429,1543,14,Friday,February,5
2024-02-23,South,1211,1321,17,Friday,February,2
2024-02-23,East,1342,1435,14,Friday,February,8
2024-02-23,West,945,1035,11,Friday,February,12
2024-02-24,North,1251,1314,16,Saturday,February,6
2024-02-24,South,844,924,16,Saturday,February,-1
2024-02-24,East,1062,1123,14,Saturday,February,3
2024-02-24,West,703,764,17,Saturday,February,16
2024-02-25,North,1324,1398,12,Sunday,February,8
2024-02-25,South,860,939,13,Sunday,February,16
2024-02-25,East,1023,1104,13,Sunday,February,3
2024-02-25,West,748,793,16,Sunday,February,3
2024-02-26,North,1461,1564,16,Monday,February,0
2024-02-26,South,1151,1228,15,Monday,February,11
2024-02-26,East,1342,1411,17,Monday,February,16
2024-02-26,West,864,928,13,Monday,February,18
2024-02-27,North,1524,1659,12,Tuesday,February,12
2024-02-27,South,1226,1298,17,Tuesday,February,11
2024-02-27,East,1335,1459,14,Tuesday,February,2
2024-02-27,West,924,997,10,Tuesday,February,17
2024-02-28,North,1560,1700,13,Wednesday,February,11
2024-02-28,South,1077,1156,14,Wednesday,February,12
2024-02-28,East,1265,1373,14,Wednesday,February,16
2024-02-28,West,913,976,14,Wednesday,February,-2
2024-02-29,North,1483,1621,17,Thursday,February,4
2024-02-29,South,1133,1226,13,Thursday,February,17
2024-02-29,East,1446,1579,16,Thursday,February,2
2024-02-29,West,836,887,12,Thursday,February,2
2024-03-01,North,1215,1324,11,Friday,March,-5
2024-03-01,South,1001,1087,16,Friday,March,18
2024-03-01,East,1148,1254,16,Friday,March,-2
2024-03-01,West,838,885,13,Friday,March,17
2024-03-02,North,1100,1155,11,Saturday,March,17
2024-03-02,South,818,863,16,Saturday,March,12
2024-03-02,East,916,999,13,Saturday,March,4
2024-03-02,West,633,676,10,Saturday,March,14
2024-03-03,North,1045,1118,14,Sunday,March,-4
2024-03-03,South,820,869,17,Sunday,March,6
2024-03-03,East,788,861,14,Sunday,March,8
2024-03-03,West,591,625,14,Sunday,March,11
2024-03-04,North,1258,1354,15,Monday,March,1
2024-03-04,South,934,1010,13,Monday,March,7
2024-03-04,East,1142,1238,16,Monday,March,15
2024-03-04,West,818,879,10,Monday,March,-1
2024-03-05,North,1359,1483,12,Tuesday,March,4
2024-03-05,South,918,976,12,Tuesday,March,2
2024-03-05,East,1045,1130,14,Tuesday,March,4
2024-03-05,West,833,892,13,Tuesday,March,8
2024-03-06,North,1200,1269,15,Wednesday,March,13
2024-03-06,South,908,988,10,Wednesday,March,5
2024-03-06,East,1053,1124,15,Wednesday,March,1
2024-03-06,West,787,863,13,Wednesday,March,18
2024-03-07,North,1435,1559,12,Thursday,March,-2
2024-03-07,South,997,1054,16,Thursday,March,11
2024-03-07,East,1099,1186,13,Thursday,March,-4
2024-03-07,West,709,747,15,Thursday,March,19
2024-03-08,North,1374,1483,14,Friday,March,-3
2024-03-08,South,1053,1147,15,Friday,March,0
2024-03-08,East,1119,1195,11,Friday,March,11
2024-03-08,West,714,783,13,Friday,March,9
2024-03-09,North,935,1026,15,Saturday,March,15
2024-03-09,South,804,873,15,Saturday,March,2
2024-03-09,East,807,867,12,Saturday,March,3
2024-03-09,West,647,680,15,Saturday,March,1
2024-03-10,North,1121,1208,14,Sunday,March,1
2024-03-10,South,693,751,12,Sunday,March,10
2024-03-10,East,784,839,16,Sunday,March,14
2024-03-10,West,636,677,16,Sunday,March,11
2024-03-11,North,1359,1451,14,Monday,March,7
2024-03-11,South,906,982,13,Monday,March,17
2024-03-11,East,1078,1162,16,Monday,March,-2
2024-03-11,West,814,867,14,Monday,March,10
2024-03-12,North,1300,1421,13,Tuesday,March,-3
2024-03-12,South,1063,1117,16,Tuesday,March,7
2024-03-12,East,1074,1177,10,Tuesday,March,8
2024-03-12,West,747,813,13,Tuesday,March,15
2024-03-13,North,1314,1417,12,Wednesday,March,19
2024-03-13,South,1043,1116,13,Wednesday,March,-1
2024-03-13,East,1151,1208,14,Wednesday,March,18
2024-03-13,West,737,784,12,Wednesday,March,19
2024-03-14,North,1261,1381,10,Thursday,March,9
2024-03-14,South,967,1048,12,Thursday,March,-1
2024-03-14,East,1162,1225,13,Thursday,March,18
2024-03-14,West,829,895,17,Thursday,March,-4
2024-03-15,North,1232,1354,12,Friday,March,14
2024-03-15,South,1056,1120,16,Friday,March,8
2024-03-15,East,1040,1101,12,Friday,March,11
2024-03-15,West,840,916,16,Friday,March,16
2024-03-16,North,1115,1220,17,Saturday,March,11
2024-03-16,South,715,764,15,Saturday,March,11
2024-03-16,East,791,862,12,Saturday,March,18
2024-03-16,West,624,656,16,Saturday,March,-1
2024-03-17,North,936,1023,12,Sunday,March,3
2024-03-17,South,695,759,10,Sunday,March,9
2024-03-17,East,876,943,11,Sunday,March,18
2024-03-17,West,565,593,15,Sunday,March,10
2024-03-18,North,1318,1389,12,Monday,March,7
2024-03-18,South,1068,1174,10,Monday,March,7
2024-03-18,East,1095,1182,16,Monday,March,18
2024-03-18,West,794,855,16,Monday,March,-5
2024-03-19,North,1419,1546,15,Tuesday,March,-5
2024-03-19,South,922,975,13,Tuesday,March,7
2024-03-19,East,1143,1239,14,Tuesday,March,0
2024-03-19,West,722,789,17,Tuesday,March,19
2024-03-20,North,1195,1304,11,Wednesday,March,5
2024-03-20,South,936,1025,10,Wednesday,March,-4
2024-03-20,East,1173,1261,10,Wednesday,March,7
2024-03-20,West,788,866,15,Wednesday,March,-4
2024-03-21,North,1355,1459,15,Thursday,March,0
2024-03-21,South,947,995,13,Thursday,March,-4
2024-03-21,East,1065,1151,17,Thursday,March,16
2024-03-21,West,837,907,10,Thursday,March,11
2024-03-22,North,1391,1509,14,Friday,March,16
2024-03-22,South,1013,1065,16,Friday,March,9
2024-03-22,East,1203,1308,11,Friday,March,6
2024-03-22,West,696,731,13,Friday,March,9
2024-03-23,North,1085,1152,10,Saturday,March,-4
2024-03-23,South,730,802,13,Saturday,March,7
2024-03-23,East,910,979,16,Saturday,March,5
2024-03-23,West,561,591,15,Saturday,March,16
2024-03-24,North,944,1032,17,Sunday,March,18
2024-03-24,South,754,827,13,Sunday,March,14
2024-03-24,East,832,885,18,Sunday,March,-5
2024-03-24,West,573,622,15,Sunday,March,-3
2024-03-25,North,1196,1294,13,Monday,March,9
2024-03-25,South,984,1059,11,Monday,March,19
2024-03-25,East,1181,1285,15,Monday,March,8
2024-03-25,West,774,813,16,Monday,March,6
2024-03-26,North,1196,1310,14,Tuesday,March,8
2024-03-26,South,982,1031,14,Tuesday,March,6
2024-03-26,East,1044,1125,12,Tuesday,March,16
2024-03-26,West,782,831,16,Tuesday,March,5
2024-03-27,North,1447,1530,14,Wednesday,March,12
2024-03-27,South,986,1064,12,Wednesday,March,7
2024-03-27,East,1156,1268,17,Wednesday,March,5
2024-03-27,West,766,808,12,Wednesday,March,19
2024-03-28,North,1338,1406,14,Thursday,March,14
2024-03-28,South,959,1044,17,Thursday,March,-5
2024-03-28,East,1103,1162,13,Thursday,March,-5
2024-03-28,West,819,874,13,Thursday,March,0
2024-03-29,North,1337,1449,16,Friday,March,-4
2024-03-29,South,899,974,17,Friday,March,-3
2024-03-29,East,1187,1281,14,Friday,March,3
2024-03-29,West,802,877,15,Friday,March,14
2024-03-30,North,987,1076,11,Saturday,March,14
2024-03-30,South,773,834,16,Saturday,March,-3
2024-03-30,East,771,815,13,Saturday,March,12
2024-03-30,West,542,575,11,Saturday,March,7
2024-03-31,North,1043,1112,14,Sunday,March,7
2024-03-31,South,716,780,15,Sunday,March,13
2024-03-31,East,792,832,15,Sunday,March,-1
2024-03-31,West,654,718,15,Sunday,March,4
2024-04-01,North,1294,1372,13,Monday,April,9
2024-04-01,South,942,1010,16,Monday,April,18
2024-04-01,East,1083,1155,13,Monday,April,14
2024-04-01,West,770,829,14,Monday,April,3
2024-04-02,North,1303,1415,14,Tuesday,April,-4
2024-04-02,South,1009,1099,15,Tuesday,April,13
2024-04-02,East,1120,1227,12,Tuesday,April,7
2024-04-02,West,764,834,12,Tuesday,April,2
2024-04-03,North,1295,1398,15,Wednesday,April,8
2024-04-03,South,1083,1146,16,Wednesday,April,7
2024-04-03,East,1086,1145,13,Wednesday,April,8
2024-04-03,West,772,824,14,Wednesday,April,0
2024-04-04,North,1360,1449,13,Thursday,April,-3
2024-04-04,South,1021,1088,15,Thursday,April,18
2024-04-04,East,1077,1143,12,Thursday,April,4
2024-04-04,West,704,745,14,Thursday,April,4
2024-04-05,North,1364,1442,13,Friday,April,2
2024-04-05,South,1013,1099,11,Friday,April,14
2024-04-05,East,1073,1159,13,Friday,April,6
2024-04-05,West,766,836,16,Friday,April,9
2024-04-06,North,1095,1161,11,Saturday,April,12
2024-04-06,South,839,886,12,Saturday,April,-5
2024-04-06,East,785,841,17,Saturday,April,-1
2024-04-06,West,547,590,15,Saturday,April,14
2024-04-07,North,1119,1228,10,Sunday,April,-4
2024-04-07,South,737,809,14,Sunday,April,18
2024-04-07,East,852,915,15,Sunday,April,14
2024-04-07,West,550,581,11,Sunday,April,12
2024-04-08,North,1241,1344,17,Monday,April,-5
2024-04-08,South,1035,1094,12,Monday,April,9
2024-04-08,East,1028,1115,16,Monday,April,5
2024-04-08,West,798,857,14,Monday,April,2
2024-04-09,North,1416,1541,11,Tuesday,April,19
2024-04-09,South,1027,1113,12,Tuesday,April,10
2024-04-09,East,1171,1268,14,Tuesday,April,-4
2024-04-09,West,846,890,17,Tuesday,April,3
2024-04-10,North,1450,1577,11,Wednesday,April,3
2024-04-10,South,912,987,15,Wednesday,April,-2
2024-04-10,East,1136,1238,15,Wednesday,April,3
2024-04-10,West,741,810,13,Wednesday,April,16
2024-04-11,North,1359,1449,15,Thursday,April,1
2024-04-11,South,1002,1071,14,Thursday,April,-5
2024-04-11,East,1042,1113,12,Thursday,April,5
2024-04-11,West,785,850,14,Thursday,April,8
2024-04-12,North,1320,1421,17,Friday,April,-4
2024-04-12,South,985,1035,13,Friday,April,6
2024-04-12,East,1022,1100,12,Friday,April,-2
2024-04-12,West,786,855,16,Friday,April,12
2024-04-13,North,1063,1143,16,Saturday,April,5
2024-04-13,South,689,745,16,Saturday,April,19
2024-04-13,East,876,936,12,Saturday,April,7
2024-04-13,West,577,608,14,Saturday,April,10
2024-04-14,North,1024,1109,17,Sunday,April,-3
2024-04-14,South,777,819,15,Sunday,April,-4
2024-04-14,East,811,868,11,Sunday,April,5
2024-04-14,West,550,601,16,Sunday,April,1
2024-04-15,North,1265,1378,12,Monday,April,18
2024-04-15,South,1081,1161,16,Monday,April,-5
2024-04-15,East,1072,1153,11,Monday,April,7
2024-04-15,West,785,856,16,Monday,April,3
2024-04-16,North,1397,1512,11,Tuesday,April,19
2024-04-16,South,1057,1157,13,Tuesday,April,-1
2024-04-16,East,1056,1147,16,Tuesday,April,1
2024-04-16,West,795,838,14,Tuesday,April,-5
2024-04-17,North,1299,1373,12,Wednesday,April,6
2024-04-17,South,1061,1125,11,Wednesday,April,10
2024-04-17,East,1058,1123,12,Wednesday,April,5
2024-04-17,West,728,778,14,Wednesday,April,19
2024-04-18,North,1448,1530,15,Thursday,April,-3
2024-04-18,South,978,1048,15,Thursday,April,5
2024-04-18,East,1208,1276,11,Thursday,April,0
2024-04-18,West,782,831,10,Thursday,April,2
2024-04-19,North,1358,1466,13,Friday,April,-5
2024-04-19,South,935,998,10,Friday,April,11
2024-04-19,East,1173,1270,10,Friday,April,15
2024-04-19,West,734,792,15,Friday,April,6
2024-04-20,North,984,1049,15,Saturday,April,17
2024-04-20,South,746,796,18,Saturday,April,17
2024-04-20,East,844,888,14,Saturday,April,-2
2024-04-20,West,649,702,15,Saturday,April,17
2024-04-21,North,1027,1083,14,Sunday,April,10
2024-04-21,South,688,732,18,Sunday,April,-3
2024-04-21,East,922,978,13,Sunday,April,2
2024-04-21,West,537,583,15,Sunday,April,-5
2024-04-22,North,1410,1517,14,Monday,April,12
2024-04-22,South,1047,1144,14,Monday,April,6
2024-04-22,East,1162,1261,10,Monday,April,-5
2024-04-22,West,728,776,13,Monday,April,-4
2024-04-23,North,1435,1546,13,Tuesday,April,14
2024-04-23,South,946,1037,16,Tuesday,April,0
2024-04-23,East,1192,1281,18,Tuesday,April,-1
2024-04-23,West,753,809,13,Tuesday,April,0
2024-04-24,North,1403,1499,16,Wednesday,April,8
2024-04-24,South,1050,1143,13,Wednesday,April,3
2024-04-24,East,1060,1114,11,Wednesday,April,-3
2024-04-24,West,746,819,15,Wednesday,April,19
2024-04-25,North,1339,1438,13,Thursday,April,8
2024-04-25,South,918,1005,16,Thursday,April,14
2024-04-25,East,1100,1176,11,Thursday,April,15
2024-04-25,West,711,763,14,Thursday,April,9
2024-04-26,North,1442,1553,17,Friday,April,7
2024-04-26,South,1076,1176,12,Friday,April,0
2024-04-26,East,990,1040,14,Friday,April,17
2024-04-26,West,716,753,16,Friday,April,4
2024-04-27,North,961,1032,15,Saturday,April,18
2024-04-27,South,733,785,11,Saturday,April,15
2024-04-27,East,785,836,11,Saturday,April,10
2024-04-27,West,617,666,15,Saturday,April,2
2024-04-28,North,1084,1171,13,Sunday,April,14
2024-04-28,South,788,860,15,Sunday,April,-1
2024-04-28,East,915,981,12,Sunday,April,1
2024-04-28,West,598,642,11,Sunday,April,16
2024-04-29,North,1442,1532,11,Monday,April,15
2024-04-29,South,894,950,15,Monday,April,18
2024-04-29,East,1107,1174,10,Monday,April,12
2024-04-29,West,789,836,10,Monday,April,-2
2024-04-30,North,1286,1367,15,Tuesday,April,15
2024-04-30,South,1058,1116,14,Tuesday,April,-2
2024-04-30,East,1180,1253,15,Tuesday,April,-3
2024-04-30,West,750,802,14,Tuesday,April,15
2024-05-01,North,1440,1521,11,Wednesday,May,23
2024-05-01,South,1077,1174,10,Wednesday,May,15
2024-05-01,East,1174,1234,17,Wednesday,May,25
2024-05-01,West,769,822,14,Wednesday,May,31
2024-05-02,North,1350,1421,14,Thursday,May,33
2024-05-02,South,911,1001,13,Thursday,May,22
2024-05-02,East,999,1053,15,Thursday,May,27
2024-05-02,West,816,861,10,Thursday,May,34
2024-05-03,North,1382,1475,12,Friday,May,25
2024-05-03,South,1083,1188,16,Friday,May,33
2024-05-03,East,1028,1084,15,Friday,May,22
2024-05-03,West,733,770,11,Friday,May,31
2024-05-04,North,978,1064,14,Saturday,May,16
2024-05-04,South,790,829,12,Saturday,May,18
2024-05-04,East,896,969,14,Saturday,May,32
2024-05-04,West,573,605,14,Saturday,May,16
2024-05-05,North,1040,1122,15,Sunday,May,16
2024-05-05,South,708,755,17,Sunday,May,23
2024-05-05,East,828,887,13,Sunday,May,32
2024-05-05,West,647,687,11,Sunday,May,33
2024-05-06,North,1422,1539,12,Monday,May,21
2024-05-06,South,1058,1159,12,Monday,May,27
2024-05-06,East,1038,1140,15,Monday,May,28
2024-05-06,West,812,879,11,Monday,May,25
2024-05-07,North,1259,1355,15,Tuesday,May,16
2024-05-07,South,917,996,16,Tuesday,May,29
2024-05-07,East,1101,1202,15,Tuesday,May,25
2024-05-07,West,809,879,14,Tuesday,May,33
2024-05-08,North,1228,1295,14,Wednesday,May,19
2024-05-08,South,922,989,10,Wednesday,May,15
2024-05-08,East,1153,1261,12,Wednesday,May,17
2024-05-08,West,754,821,12,Wednesday,May,24
2024-05-09,North,1383,1508,14,Thursday,May,16
2024-05-09,South,961,1046,14,Thursday,May,24
2024-05-09,East,1157,1216,15,Thursday,May,28
2024-05-09,West,808,879,15,Thursday,May,30
2024-05-10,North,1227,1307,16,Friday,May,19
2024-05-10,South,915,978,15,Friday,May,24
2024-05-10,East,1184,1278,13,Friday,May,22
2024-05-10,West,720,757,11,Friday,May,27
2024-05-11,North,936,1010,14,Saturday,May,28
2024-05-11,South,799,843,12,Saturday,May,34
2024-05-11,East,860,928,15,Saturday,May,32
2024-05-11,West,607,638,13,Saturday,May,28
2024-05-12,North,948,1028,15,Sunday,May,20
2024-05-12,South,720,785,14,Sunday,May,27
2024-05-12,East,790,842,13,Sunday,May,32
2024-05-12,West,579,609,16,Sunday,May,29
2024-05-13,North,1451,1591,15,Monday,May,31
2024-05-13,South,1017,1093,11,Monday,May,29
2024-05-13,East,1080,1179,13,Monday,May,23
2024-05-13,West,839,889,14,Monday,May,24
2024-05-14,North,1276,1341,10,Tuesday,May,27
2024-05-14,South,1029,1128,16,Tuesday,May,33
2024-05-14,East,1047,1121,16,Tuesday,May,19
2024-05-14,West,767,822,17,Tuesday,May,18
2024-05-15,North,1223,1289,15,Wednesday,May,32
2024-05-15,South,1071,1166,10,Wednesday,May,23
2024-05-15,East,1024,1106,11,Wednesday,May,34
2024-05-15,West,794,871,10,Wednesday,May,26
2024-05-16,North,1199,1261,12,Thursday,May,28
2024-05-16,South,940,999,15,Thursday,May,24
2024-05-16,East,1175,1249,11,Thursday,May,18
2024-05-16,West,698,735,17,Thursday,May,18
2024-05-17,North,1271,1383,11,Friday,May,29
2024-05-17,South,895,969,17,Friday,May,29
2024-05-17,East,1184,1266,16,Friday,May,28
2024-05-17,West,805,884,12,Friday,May,17
2024-05-18,North,1065,1128,13,Saturday,May,33
2024-05-18,South,837,904,13,Saturday,May,23
2024-05-18,East,768,834,13,Saturday,May,21
2024-05-18,West,616,663,18,Saturday,May,16
2024-05-19,North,1000,1077,16,Sunday,May,31
2024-05-19,South,771,812,14,Sunday,May,15
2024-05-19,East,837,884,15,Sunday,May,16
2024-05-19,West,547,597,14,Sunday,May,21
2024-05-20,North,1331,1401,14,Monday,May,24
2024-05-20,South,1084,1181,14,Monday,May,21
2024-05-20,East,1181,1272,15,Monday,May,34
2024-05-20,West,772,818,16,Monday,May,34
2024-05-21,North,1417,1504,14,Tuesday,May,31
2024-05-21,South,896,943,14,Tuesday,May,22
2024-05-21,East,1052,1125,16,Tuesday,May,21
2024-05-21,West,794,866,13,Tuesday,May,33
2024-05-22,North,1304,1381,12,Wednesday,May,22
2024-05-22,South,947,1031,14,Wednesday,May,22
2024-05-22,East,1165,1246,17,Wednesday,May,22
2024-05-22,West,773,828,14,Wednesday,May,16
2024-05-23,North,1271,1389,17,Thursday,May,32
2024-05-23,South,924,993,14,Thursday,May,22
2024-05-23,East,1186,1284,11,Thursday,May,18
2024-05-23,West,815,895,16,Thursday,May,23
2024-05-24,North,1400,1505,17,Friday,May,27
2024-05-24,South,1085,1175,15,Friday,May,18
2024-05-24,East,1209,1328,15,Friday,May,19
2024-05-24,West,779,838,15,Friday,May,16
2024-05-25,North,960,1026,17,Saturday,May,23
2024-05-25,South,813,875,15,Saturday,May,26
2024-05-25,East,932,1020,15,Saturday,May,23
2024-05-25,West,578,621,16,Saturday,May,30
2024-05-26,North,1063,1160,11,Sunday,May,17
2024-05-26,South,710,757,14,Sunday,May,25
2024-05-26,East,875,945,13,Sunday,May,19
2024-05-26,West,631,689,12,Sunday,May,15
2024-05-27,North,1221,1323,13,Monday,May,22
2024-05-27,South,891,965,11,Monday,May,34
2024-05-27,East,1039,1134,12,Monday,May,17
2024-05-27,West,799,859,13,Monday,May,17
2024-05-28,North,1389,1486,15,Tuesday,May,18
2024-05-28,South,1063,1156,16,Tuesday,May,27
2024-05-28,East,1187,1284,16,Tuesday,May,16
2024-05-28,West,761,816,16,Tuesday,May,22
2024-05-29,North,1222,1308,16,Wednesday,May,34
2024-05-29,South,894,957,10,Wednesday,May,20
2024-05-29,East,1051,1148,12,Wednesday,May,33
2024-05-29,West,820,889,16,Wednesday,May,27
2024-05-30,North,1442,1566,13,Thursday,May,33
2024-05-30,South,1063,1122,15,Thursday,May,18
2024-05-30,East,1011,1073,10,Thursday,May,34
2024-05-30,West,739,798,12,Thursday,May,28
2024-05-31,North,1384,1456,17,Friday,May,22
2024-05-31,South,1064,1134,13,Friday,May,30
2024-05-31,East,1042,1135,10,Friday,May,17
2024-05-31,West,734,799,14,Friday,May,19
2024-06-01,North,1260,1336,14,Saturday,June,23
2024-06-01,South,1075,1164,16,Saturday,June,15
2024-06-01,East,1000,1084,11,Saturday,June,26
2024-06-01,West,767,810,13,Saturday,June,34
2024-06-02,North,1310,1415,15,Sunday,June,34
2024-06-02,South,1051,1137,15,Sunday,June,18
2024-06-02,East,1079,1159,15,Sunday,June,16
2024-06-02,West,738,792,18,Sunday,June,22
2024-06-03,North,1762,1856,12,Monday,June,31
2024-06-03,South,1168,1261,17,Monday,June,33
2024-06-03,East,1366,1500,13,Monday,June,31
2024-06-03,West,1025,1100,13,Monday,June,34
2024-06-04,North,1615,1737,10,Tuesday,June,28
2024-06-04,South,1171,1278,16,Tuesday,June,15
2024-06-04,East,1383,1507,14,Tuesday,June,24
2024-06-04,West,959,1051,13,Tuesday,June,19
2024-06-05,North,1642,1791,14,Wednesday,June,21
2024-06-05,South,1306,1373,15,Wednesday,June,28
2024-06-05,East,1570,1658,12,Wednesday,June,15
2024-06-05,West,978,1062,16,Wednesday,June,27
2024-06-06,North,1753,1867,16,Thursday,June,21
2024-06-06,South,1403,1523,16,Thursday,June,28
2024-06-06,East,1301,1382,10,Thursday,June,29
2024-06-06,West,1075,1142,15,Thursday,June,15
2024-06-07,North,1700,1816,11,Friday,June,22
2024-06-07,South,1351,1423,11,Friday,June,29
2024-06-07,East,1501,1607,15,Friday,June,24
2024-06-07,West,973,1050,10,Friday,June,32
2024-06-08,North,1230,1298,11,Saturday,June,17
2024-06-08,South,1039,1097,17,Saturday,June,20
2024-06-08,East,1177,1294,16,Saturday,June,23
2024-06-08,West,761,810,14,Saturday,June,27
2024-06-09,North,1299,1423,16,Sunday,June,20
2024-06-09,South,1063,1152,13,Sunday,June,17
2024-06-09,East,1011,1088,16,Sunday,June,26
2024-06-09,West,819,893,16,Sunday,June,29
2024-06-10,North,1805,1904,16,Monday,June,18
2024-06-10,South,1259,1355,14,Monday,June,19
2024-06-10,East,1471,1547,15,Monday,June,29
2024-06-10,West,931,978,15,Monday,June,17
2024-06-11,North,1661,1750,13,Tuesday,June,31
2024-06-11,South,1184,1293,14,Tuesday,June,30
2024-06-11,East,1349,1483,14,Tuesday,June,18
2024-06-11,West,934,1026,12,Tuesday,June,17
2024-06-12,North,1875,2004,10,Wednesday,June,25
2024-06-12,South,1258,1330,10,Wednesday,June,29
2024-06-12,East,1426,1506,16,Wednesday,June,19
2024-06-12,West,1092,1163,16,Wednesday,June,18
2024-06-13,North,1885,2030,11,Thursday,June,29
2024-06-13,South,1197,1258,17,Thursday,June,18
2024-06-13,East,1567,1682,14,Thursday,June,27
2024-06-13,West,1053,1149,13,Thursday,June,24
2024-06-14,North,1828,1984,11,Friday,June,28
2024-06-14,South,1332,1414,16,Friday,June,18
2024-06-14,East,1386,1495,11,Friday,June,17
2024-06-14,West,931,1015,12,Friday,June,31
2024-06-15,North,1388,1478,13,Saturday,June,33
2024-06-15,South,935,1000,10,Saturday,June,31
2024-06-15,East,1151,1260,11,Saturday,June,16
2024-06-15,West,807,868,16,Saturday,June,25
2024-06-16,North,1339,1409,15,Sunday,June,23
2024-06-16,South,1069,1172,11,Sunday,June,33
2024-06-16,East,1107,1167,15,Sunday,June,20
2024-06-16,West,787,841,12,Sunday,June,15
2024-06-17,North,1737,1862,14,Monday,June,33
2024-06-17,South,1306,1427,18,Monday,June,32
2024-06-17,East,1413,1526,14,Monday,June,21
2024-06-17,West,1092,1157,11,Monday,June,34
2024-06-18,North,1545,1671,12,Tuesday,June,22
2024-06-18,South,1174,1284,13,Tuesday,June,27
2024-06-18,East,1564,1659,15,Tuesday,June,32
2024-06-18,West,996,1080,15,Tuesday,June,24
2024-06-19,North,1590,1693,13,Wednesday,June,16
2024-06-19,South,1244,1351,14,Wednesday,June,29
2024-06-19,East,1570,1664,18,Wednesday,June,22
2024-06-19,West,959,1007,15,Wednesday,June,19
2024-06-20,North,1798,1900,15,Thursday,June,19
2024-06-20,South,1369,1492,16,Thursday,June,17
2024-06-20,East,1462,1541,14,Thursday,June,28
2024-06-20,West,957,1037,10,Thursday,June,25
2024-06-21,North,1664,1756,16,Friday,June,27
2024-06-21,South,1337,1404,11,Friday,June,20
2024-06-21,East,1372,1445,14,Friday,June,24
2024-06-21,West,949,1019,11,Friday,June,27
2024-06-22,North,1370,1452,16,Saturday,June,17
2024-06-22,South,1054,1155,13,Saturday,June,21
2024-06-22,East,1099,1166,15,Saturday,June,27
2024-06-22,West,789,842,15,Saturday,June,31
2024-06-23,North,1384,1513,14,Sunday,June,18
2024-06-23,South,1019,1073,15,Sunday,June,28
2024-06-23,East,1096,1163,13,Sunday,June,29
2024-06-23,West,781,840,11,Sunday,June,22
2024-06-24,North,1637,1759,12,Monday,June,32
2024-06-24,South,1370,1487,12,Monday,June,31
2024-06-24,East,1377,1445,14,Monday,June,32
2024-06-24,West,956,1037,10,Monday,June,32
2024-06-25,North,1704,1818,17,Tuesday,June,25
2024-06-25,South,1371,1448,14,Tuesday,June,16
2024-06-25,East,1376,1499,16,Tuesday,June,27
2024-06-25,West,985,1052,17,Tuesday,June,33
2024-06-26,North,1575,1707,14,Wednesday,June,15
2024-06-26,South,1397,1525,15,Wednesday,June,29
2024-06-26,East,1334,1448,15,Wednesday,June,15
2024-06-26,West,956,1009,15,Wednesday,June,23
2024-06-27,North,1580,1720,15,Thursday,June,24
2024-06-27,South,1185,1273,13,Thursday,June,23
2024-06-27,East,1423,1502,15,Thursday,June,17
2024-06-27,West,974,1025,15,Thursday,June,32
2024-06-28,North,1733,1855,15,Friday,June,23
2024-06-28,South,1327,1424,16,Friday,June,15
2024-06-28,East,1514,1646,10,Friday,June,23
2024-06-28,West,928,1004,15,Friday,June,20
2024-06-29,North,1364,1459,15,Saturday,June,15
2024-06-29,South,1072,1141,13,Saturday,June,31
2024-06-29,East,1019,1096,12,Saturday,June,24
2024-06-29,West,698,746,13,Saturday,June,31
2024-06-30,North,1226,1312,14,Sunday,June,29
2024-06-30,South,960,1051,12,Sunday,June,25
2024-06-30,East,1188,1249,13,Sunday,June,15
2024-06-30,West,744,809,15,Sunday,June,22
2024-07-01,North,1589,1736,14,Monday,July,24
2024-07-01,South,1356,1478,11,Monday,July,20
2024-07-01,East,1411,1504,13,Monday,July,21
2024-07-01,West,970,1036,10,Monday,July,25
2024-07-02,North,1771,1908,16,Tuesday,July,33
2024-07-02,South,1164,1274,16,Tuesday,July,22
2024-07-02,East,1346,1423,16,Tuesday,July,23
2024-07-02,West,1088,1175,14,Tuesday,July,26
2024-07-03,North,1564,1717,17,Wednesday,July,19
2024-07-03,South,1294,1400,15,Wednesday,July,23
2024-07-03,East,1345,1461,14,Wednesday,July,24
2024-07-03,West,963,1024,18,Wednesday,July,22
2024-07-04,North,1762,1884,15,Thursday,July,25
2024-07-04,South,1366,1499,13,Thursday,July,29
2024-07-04,East,1304,1414,15,Thursday,July,32
2024-07-04,West,902,975,13,Thursday,July,15
2024-07-05,North,1873,2016,12,Friday,July,28
2024-07-05,South,1177,1252,16,Friday,July,32
2024-07-05,East,1443,1528,14,Friday,July,17
2024-07-05,West,934,1001,12,Friday,July,25
2024-07-06,North,1372,1449,18,Saturday,July,32
2024-07-06,South,1064,1130,17,Saturday,July,30
2024-07-06,East,1135,1220,13,Saturday,July,26
2024-07-06,West,736,788,14,Saturday,July,20
2024-07-07,North,1358,1492,12,Sunday,July,33
2024-07-07,South,1040,1110,15,Sunday,July,25
2024-07-07,East,1109,1218,15,Sunday,July,27
2024-07-07,West,828,901,13,Sunday,July,15
2024-07-08,North,1701,1852,17,Monday,July,32
2024-07-08,South,1356,1457,10,Monday,July,24
2024-07-08,East,1511,1615,14,Monday,July,25
2024-07-08,West,910,992,11,Monday,July,22
2024-07-09,North,1821,1935,12,Tuesday,July,17
2024-07-09,South,1388,1457,17,Tuesday,July,16
2024-07-09,East,1571,1653,15,Tuesday,July,31
2024-07-09,West,1028,1084,10,Tuesday,July,17
2024-07-10,North,1870,2017,13,Wednesday,July,32
2024-07-10,South,1413,1510,14,Wednesday,July,32
2024-07-10,East,1474,1565,12,Wednesday,July,27
2024-07-10,West,1095,1151,16,Wednesday,July,23
2024-07-11,North,1557,1637,11,Thursday,July,16
2024-07-11,South,1333,1414,13,Thursday,July,25
2024-07-11,East,1448,1551,13,Thursday,July,33
2024-07-11,West,957,1021,16,Thursday,July,21
2024-07-12,North,1834,1962,15,Friday,July,24
2024-07-12,South,1387,1494,12,Friday,July,22
2024-07-12,East,1340,1429,16,Friday,July,28
2024-07-12,West,915,963,17,Friday,July,19
2024-07-13,North,1315,1386,16,Saturday,July,18
2024-07-13,South,1033,1124,15,Saturday,July,17
2024-07-13,East,1108,1189,10,Saturday,July,34
2024-07-13,West,761,800,11,Saturday,July,23
2024-07-14,North,1193,1277,14,Sunday,July,19
2024-07-14,South,1038,1100,12,Sunday,July,34
2024-07-14,East,1045,1097,15,Sunday,July,26
2024-07-14,West,730,790,15,Sunday,July,19
2024-07-15,North,1804,1949,16,Monday,July,19
2024-07-15,South,1341,1462,12,Monday,July,30
2024-07-15,East,1544,1683,18,Monday,July,22
2024-07-15,West,1033,1088,14,Monday,July,24
2024-07-16,North,1551,1649,14,Tuesday,July,31
2024-07-16,South,1403,1476,12,Tuesday,July,18
2024-07-16,East,1558,1685,11,Tuesday,July,19
2024-07-16,West,921,990,14,Tuesday,July,18
2024-07-17,North,1878,2014,11,Wednesday,July,29
2024-07-17,South,1342,1440,17,Wednesday,July,21
2024-07-17,East,1530,1632,10,Wednesday,July,23
2024-07-17,West,939,1002,13,Wednesday,July,34
2024-07-18,North,1598,1687,15,Thursday,July,30
2024-07-18,South,1302,1428,14,Thursday,July,17
2024-07-18,East,1424,1531,13,Thursday,July,18
2024-07-18,West,977,1027,16,Thursday,July,22
2024-07-19,North,1818,1964,16,Friday,July,18
2024-07-19,South,1302,1399,15,Friday,July,15
2024-07-19,East,1563,1645,14,Friday,July,30
2024-07-19,West,1073,1136,16,Friday,July,17
2024-07-20,North,1445,1533,16,Saturday,July,34
2024-07-20,South,1029,1112,13,Saturday,July,33
2024-07-20,East,1105,1164,13,Saturday,July,17
2024-07-20,West,827,908,14,Saturday,July,34
2024-07-21,North,1372,1444,14,Sunday,July,25
2024-07-21,South,933,998,17,Sunday,July,19
2024-07-21,East,1156,1237,10,Sunday,July,15
2024-07-21,West,740,793,15,Sunday,July,19
2024-07-22,North,1569,1663,13,Monday,July,15
2024-07-22,South,1323,1433,15,Monday,July,28
2024-07-22,East,1510,1644,14,Monday,July,34
2024-07-22,West,956,1017,13,Monday,July,22
2024-07-23,North,1567,1685,11,Tuesday,July,20
2024-07-23,South,1299,1427,14,Tuesday,July,32
2024-07-23,East,1488,1593,13,Tuesday,July,26
2024-07-23,West,915,988,14,Tuesday,July,17
2024-07-24,North,1636,1741,15,Wednesday,July,25
2024-07-24,South,1311,1387,17,Wednesday,July,34
2024-07-24,East,1372,1446,14,Wednesday,July,34
2024-07-24,West,919,990,15,Wednesday,July,17
2024-07-25,North,1672,1802,14,Thursday,July,30
2024-07-25,South,1308,1407,12,Thursday,July,16
2024-07-25,East,1534,1683,11,Thursday,July,24
2024-07-25,West,1023,1085,17,Thursday,July,18
2024-07-26,North,1785,1934,13,Friday,July,31
2024-07-26,South,1257,1378,14,Friday,July,33
2024-07-26,East,1560,1669,16,Friday,July,24
2024-07-26,West,1048,1111,15,Friday,July,24
2024-07-27,North,1195,1280,11,Saturday,July,29
2024-07-27,South,946,1013,15,Saturday,July,33
2024-07-27,East,1124,1214,15,Saturday,July,24
2024-07-27,West,804,852,15,Saturday,July,29
2024-07-28,North,1389,1459,12,Sunday,July,28
2024-07-28,South,948,1007,10,Sunday,July,32
2024-07-28,East,1156,1248,15,Sunday,July,32
2024-07-28,West,753,803,16,Sunday,July,33
2024-07-29,North,1713,1822,16,Monday,July,17
2024-07-29,South,1317,1431,15,Monday,July,28
2024-07-29,East,1370,1491,13,Monday,July,20
2024-07-29,West,1061,1131,16,Monday,July,15
2024-07-30,North,1851,2005,16,Tuesday,July,16
2024-07-30,South,1320,1402,15,Tuesday,July,22
2024-07-30,East,1413,1529,17,Tuesday,July,32
2024-07-30,West,1066,1134,13,Tuesday,July,27
2024-07-31,North,1647,1770,10,Wednesday,July,18
2024-07-31,South,1212,1289,15,Wednesday,July,20
2024-07-31,East,1474,1566,11,Wednesday,July,30
2024-07-31,West,1004,1093,17,Wednesday,July,32
2024-08-01,North,1846,2013,15,Thursday,August,17
2024-08-01,South,1365,1433,17,Thursday,August,24
2024-08-01,East,1440,1537,13,Thursday,August,34
2024-08-01,West,1075,1173,12,Thursday,August,19
2024-08-02,North,1656,1768,14,Friday,August,21
2024-08-02,South,1217,1297,17,Friday,August,20
2024-08-02,East,1445,1553,12,Friday,August,19
2024-08-02,West,1036,1131,16,Friday,August,17
2024-08-03,North,1303,1369,12,Saturday,August,29
2024-08-03,South,1029,1089,15,Saturday,August,29
2024-08-03,East,1102,1180,15,Saturday,August,16
2024-08-03,West,778,847,12,Saturday,August,15
2024-08-04,North,1284,1374,15,Sunday,August,33
2024-08-04,South,943,1006,11,Sunday,August,18
2024-08-04,East,1020,1081,13,Sunday,August,21
2024-08-04,West,705,754,12,Sunday,August,29
2024-08-05,North,1801,1942,18,Monday,August,23
2024-08-05,South,1265,1355,14,Monday,August,24
2024-08-05,East,1404,1527,12,Monday,August,16
2024-08-05,West,983,1074,15,Monday,August,30
2024-08-06,North,1868,2026,14,Tuesday,August,21
2024-08-06,South,1195,1296,12,Tuesday,August,19
2024-08-06,East,1505,1631,15,Tuesday,August,21
2024-08-06,West,984,1034,16,Tuesday,August,17
2024-08-07,North,1736,1877,15,Wednesday,August,30
2024-08-07,South,1160,1259,14,Wednesday,August,15
2024-08-07,East,1420,1553,12,Wednesday,August,26
2024-08-07,West,967,1053,14,Wednesday,August,33
2024-08-08,North,1826,1954,14,Thursday,August,25
2024-08-08,South,1177,1258,16,Thursday,August,33
2024-08-08,East,1367,1449,10,Thursday,August,20
2024-08-08,West,978,1053,17,Thursday,August,34
2024-08-09,North,1766,1860,13,Friday,August,27
2024-08-09,South,1412,1498,17,Friday,August,24
2024-08-09,East,1378,1462,13,Friday,August,22
2024-08-09,West,914,976,14,Friday,August,34
2024-08-10,North,1205,1286,17,Saturday,August,25
2024-08-10,South,1060,1157,13,Saturday,August,16
2024-08-10,East,1165,1255,10,Saturday,August,22
2024-08-10,West,762,820,14,Saturday,August,21
2024-08-11,North,1373,1493,10,Sunday,August,33
2024-08-11,South,1018,1106,11,Sunday,August,23
2024-08-11,East,1071,1145,11,Sunday,August,30
2024-08-11,West,813,877,15,Sunday,August,18
2024-08-12,North,1837,1978,15,Monday,August,26
2024-08-12,South,1280,1389,12,Monday,August,22
2024-08-12,East,1455,1541,14,Monday,August,16
2024-08-12,West,985,1078,14,Monday,August,29
2024-08-13,North,1735,1872,11,Tuesday,August,33
2024-08-13,South,1369,1482,16,Tuesday,August,20
2024-08-13,East,1439,1556,15,Tuesday,August,15
2024-08-13,West,1006,1097,14,Tuesday,August,28
2024-08-14,North,1619,1748,12,Wednesday,August,21
2024-08-14,South,1358,1481,14,Wednesday,August,20
2024-08-14,East,1511,1645,15,Wednesday,August,15
2024-08-14,West,987,1037,12,Wednesday,August,20
2024-08-15,North,1686,1845,16,Thursday,August,28
2024-08-15,South,1329,1416,16,Thursday,August,22
2024-08-15,East,1497,1604,15,Thursday,August,32
2024-08-15,West,1070,1136,14,Thursday,August,20
2024-08-16,North,1576,1733,13,Friday,August,24
2024-08-16,South,1159,1243,14,Friday,August,30
2024-08-16,East,1404,1483,10,Friday,August,33
2024-08-16,West,982,1031,11,Friday,August,17
2024-08-17,North,1197,1257,17,Saturday,August,31
2024-08-17,South,1046,1100,16,Saturday,August,25
2024-08-17,East,995,1091,13,Saturday,August,24
2024-08-17,West,756,796,15,Saturday,August,33
2024-08-18,North,1310,1421,13,Sunday,August,34
2024-08-18,South,1008,1102,13,Sunday,August,16
2024-08-18,East,1070,1151,12,Sunday,August,33
2024-08-18,West,764,821,16,Sunday,August,24
2024-08-19,North,1789,1931,10,Monday,August,25
2024-08-19,South,1372,1465,16,Monday,August,25
2024-08-19,East,1334,1434,15,Monday,August,23
2024-08-19,West,914,985,15,Monday,August,21
2024-08-20,North,1750,1853,15,Tuesday,August,32
2024-08-20,South,1330,1452,11,Tuesday,August,34
2024-08-20,East,1483,1559,11,Tuesday,August,29
2024-08-20,West,1068,1164,17,Tuesday,August,17
2024-08-21,North,1763,1935,16,Wednesday,August,16
2024-08-21,South,1305,1388,17,Wednesday,August,25
2024-08-21,East,1456,1554,10,Wednesday,August,22
2024-08-21,West,914,970,17,Wednesday,August,34
2024-08-22,North,1846,2019,15,Thursday,August,21
2024-08-22,South,1287,1414,15,Thursday,August,23
2024-08-22,East,1572,1652,16,Thursday,August,29
2024-08-22,West,1021,1103,17,Thursday,August,28
2024-08-23,North,1659,1747,17,Friday,August,31
2024-08-23,South,1330,1455,13,Friday,August,28
2024-08-23,East,1397,1471,12,Friday,August,16
2024-08-23,West,995,1047,17,Friday,August,34
2024-08-24,North,1309,1409,18,Saturday,August,22
2024-08-24,South,917,963,11,Saturday,August,25
2024-08-24,East,1066,1135,12,Saturday,August,24
2024-08-24,West,735,784,15,Saturday,August,18
2024-08-25,North,1249,1361,11,Sunday,August,20
2024-08-25,South,1067,1128,11,Sunday,August,16
2024-08-25,East,1177,1277,14,Sunday,August,19
2024-08-25,West,770,838,13,Sunday,August,17
2024-08-26,North,1545,1635,16,Monday,August,15
2024-08-26,South,1276,1359,16,Monday,August,24
2024-08-26,East,1367,1460,12,Monday,August,30
2024-08-26,West,1010,1110,15,Monday,August,24
2024-08-27,North,1652,1779,16,Tuesday,August,31
2024-08-27,South,1355,1486,10,Tuesday,August,32
2024-08-27,East,1421,1538,14,Tuesday,August,20
2024-08-27,West,1068,1140,16,Tuesday,August,32
2024-08-28,North,1586,1720,13,Wednesday,August,22
2024-08-28,South,1208,1325,11,Wednesday,August,33
2024-08-28,East,1497,1610,16,Wednesday,August,18
2024-08-28,West,1095,1200,15,Wednesday,August,20
2024-08-29,North,1589,1736,11,Thursday,August,17
2024-08-29,South,1214,1285,16,Thursday,August,20
2024-08-29,East,1564,1686,11,Thursday,August,28
2024-08-29,West,951,1043,16,Thursday,August,26
2024-08-30,North,1735,1895,16,Friday,August,34
2024-08-30,South,1331,1412,12,Friday,August,34
2024-08-30,East,1358,1443,10,Friday,August,24
2024-08-30,West,1059,1145,15,Friday,August,18
2024-08-31,North,1314,1402,11,Saturday,August,22
2024-08-31,South,1078,1134,12,Saturday,August,22
2024-08-31,East,1198,1304,14,Saturday,August,19
2024-08-31,West,768,835,11,Saturday,August,16
2024-09-01,North,1073,1154,15,Sunday,September,27
2024-09-01,South,806,862,16,Sunday,September,27
2024-09-01,East,879,956,10,Sunday,September,31
2024-09-01,West,596,644,17,Sunday,September,24
2024-09-02,North,1392,1470,14,Monday,September,15
2024-09-02,South,1059,1161,18,Monday,September,26
2024-09-02,East,995,1067,12,Monday,September,29
2024-09-02,West,764,831,17,Monday,September,22
2024-09-03,North,1262,1336,13,Tuesday,September,22
2024-09-03,South,930,979,14,Tuesday,September,31
2024-09-03,East,1036,1116,16,Tuesday,September,22
2024-09-03,West,836,893,10,Tuesday,September,19
2024-09-04,North,1385,1484,11,Wednesday,September,31
2024-09-04,South,937,1000,10,Wednesday,September,33
2024-09-04,East,1054,1108,15,Wednesday,September,31
2024-09-04,West,793,840,12,Wednesday,September,20
2024-09-05,North,1438,1573,15,Thursday,September,31
2024-09-05,South,946,1038,10,Thursday,September,31
2024-09-05,East,1145,1237,18,Thursday,September,17
2024-09-05,West,714,760,16,Thursday,September,24
2024-09-06,North,1278,1395,17,Friday,September,22
2024-09-06,South,1076,1154,12,Friday,September,23
2024-09-06,East,1042,1131,12,Friday,September,28
2024-09-06,West,762,834,12,Friday,September,24
2024-09-07,North,1102,1192,12,Saturday,September,33
2024-09-07,South,826,901,15,Saturday,September,30
2024-09-07,East,898,963,16,Saturday,September,26
2024-09-07,West,584,624,16,Saturday,September,34
2024-09-08,North,1072,1141,12,Sunday,September,30
2024-09-08,South,730,773,12,Sunday,September,34
2024-09-08,East,906,956,15,Sunday,September,15
2024-09-08,West,549,595,17,Sunday,September,28
2024-09-09,North,1345,1441,11,Monday,September,19
2024-09-09,South,961,1011,12,Monday,September,18
2024-09-09,East,1117,1178,16,Monday,September,22
2024-09-09,West,794,869,13,Monday,September,34
2024-09-10,North,1190,1298,16,Tuesday,September,19
2024-09-10,South,910,958,13,Tuesday,September,27
2024-09-10,East,1118,1186,16,Tuesday,September,16
2024-09-10,West,806,847,15,Tuesday,September,26
2024-09-11,North,1215,1286,14,Wednesday,September,23
2024-09-11,South,897,976,12,Wednesday,September,16
2024-09-11,East,1001,1053,15,Wednesday,September,22
2024-09-11,West,845,911,11,Wednesday,September,24
2024-09-12,North,1282,1398,16,Thursday,September,20
2024-09-12,South,1068,1163,11,Thursday,September,31
2024-09-12,East,1062,1126,11,Thursday,September,31
2024-09-12,West,748,819,14,Thursday,September,28
2024-09-13,North,1288,1404,16,Friday,September,27
2024-09-13,South,981,1044,17,Friday,September,20
2024-09-13,East,1139,1200,13,Friday,September,16
2024-09-13,West,698,749,13,Friday,September,20
2024-09-14,North,1051,1136,13,Saturday,September,28
2024-09-14,South,817,866,12,Saturday,September,29
2024-09-14,East,869,953,15,Saturday,September,31
2024-09-14,West,612,649,15,Saturday,September,30
2024-09-15,North,927,988,13,Sunday,September,21
2024-09-15,South,727,767,13,Sunday,September,27
2024-09-15,East,855,920,12,Sunday,September,29
2024-09-15,West,582,616,11,Sunday,September,30
2024-09-16,North,1199,1284,11,Monday,September,27
2024-09-16,South,1031,1087,13,Monday,September,29
2024-09-16,East,1150,1262,12,Monday,September,22
2024-09-16,West,700,751,13,Monday,September,30
2024-09-17,North,1294,1407,14,Tuesday,September,19
2024-09-17,South,1045,1118,13,Tuesday,September,27
2024-09-17,East,1134,1191,17,Tuesday,September,28
2024-09-17,West,709,771,14,Tuesday,September,24
2024-09-18,North,1410,1514,14,Wednesday,September,19
2024-09-18,South,1069,1133,16,Wednesday,September,17
2024-09-18,East,1172,1272,15,Wednesday,September,18
2024-09-18,West,729,773,16,Wednesday,September,20
2024-09-19,North,1304,1377,13,Thursday,September,25
2024-09-19,South,980,1067,18,Thursday,September,26
2024-09-19,East,1135,1230,11,Thursday,September,23
2024-09-19,West,723,761,16,Thursday,September,19
2024-09-20,North,1269,1367,13,Friday,September,16
2024-09-20,South,924,989,15,Friday,September,28
2024-09-20,East,1149,1246,13,Friday,September,23
2024-09-20,West,701,741,13,Friday,September,24
2024-09-21,North,965,1014,16,Saturday,September,27
2024-09-21,South,735,781,12,Saturday,September,16
2024-09-21,East,922,987,10,Saturday,September,25
2024-09-21,West,585,614,16,Saturday,September,30
2024-09-22,North,920,1002,13,Sunday,September,30
2024-09-22,South,795,849,14,Sunday,September,16
2024-09-22,East,775,834,14,Sunday,September,22
2024-09-22,West,643,687,14,Sunday,September,22
2024-09-23,North,1212,1297,11,Monday,September,31
2024-09-23,South,935,1019,17,Monday,September,30
2024-09-23,East,1032,1086,14,Monday,September,19
2024-09-23,West,705,747,15,Monday,September,27
2024-09-24,North,1417,1541,15,Tuesday,September,29
2024-09-24,South,969,1043,11,Tuesday,September,24
2024-09-24,East,1035,1102,17,Tuesday,September,34
2024-09-24,West,806,860,13,Tuesday,September,30
2024-09-25,North,1233,1345,14,Wednesday,September,33
2024-09-25,South,1029,1090,15,Wednesday,September,18
2024-09-25,East,1184,1296,12,Wednesday,September,21
2024-09-25,West,710,768,16,Wednesday,September,29
2024-09-26,North,1406,1523,16,Thursday,September,32
2024-09-26,South,899,973,14,Thursday,September,18
2024-09-26,East,1049,1105,18,Thursday,September,24
2024-09-26,West,770,813,11,Thursday,September,17
2024-09-27,North,1340,1465,12,Friday,September,16
2024-09-27,South,977,1047,14,Friday,September,31
2024-09-27,East,1100,1190,10,Friday,September,25
2024-09-27,West,735,776,11,Friday,September,21
2024-09-28,North,921,1004,10,Saturday,September,15
2024-09-28,South,763,808,15,Saturday,September,24
2024-09-28,East,899,971,14,Saturday,September,33
2024-09-28,West,550,604,15,Saturday,September,27
2024-09-29,North,945,999,16,Sunday,September,16
2024-09-29,South,805,845,10,Sunday,September,34
2024-09-29,East,811,882,12,Sunday,September,24
2024-09-29,West,563,608,15,Sunday,September,24
2024-09-30,North,1254,1357,12,Monday,September,34
2024-09-30,South,1029,1086,18,Monday,September,16
2024-09-30,East,1080,1140,10,Monday,September,24
2024-09-30,West,705,749,10,Monday,September,16
2024-10-01,North,1300,1400,11,Tuesday,October,-4
2024-10-01,South,1022,1122,10,Tuesday,October,6
2024-10-01,East,1120,1185,10,Tuesday,October,15
2024-10-01,West,703,741,14,Tuesday,October,8
2024-10-02,North,1399,1529,11,Wednesday,October,0
2024-10-02,South,1032,1098,14,Wednesday,October,10
2024-10-02,East,1208,1304,13,Wednesday,October,7
2024-10-02,West,797,874,12,Wednesday,October,7
2024-10-03,North,1259,1335,15,Thursday,October,2
2024-10-03,South,916,982,10,Thursday,October,6
2024-10-03,East,1061,1149,14,Thursday,October,1
2024-10-03,West,712,776,17,Thursday,October,16
2024-10-04,North,1430,1547,11,Friday,October,14
2024-10-04,South,1018,1083,12,Friday,October,5
2024-10-04,East,990,1074,13,Friday,October,13
2024-10-04,West,715,754,16,Friday,October,7
2024-10-05,North,1113,1200,14,Saturday,October,0
2024-10-05,South,812,868,15,Saturday,October,-1
2024-10-05,East,831,882,11,Saturday,October,14
2024-10-05,West,551,580,16,Saturday,October,16
2024-10-06,North,1008,1085,16,Sunday,October,-3
2024-10-06,South,824,884,13,Sunday,October,15
2024-10-06,East,816,873,15,Sunday,October,0
2024-10-06,West,605,656,13,Sunday,October,-3
2024-10-07,North,1363,1439,14,Monday,October,14
2024-10-07,South,1040,1137,14,Monday,October,0
2024-10-07,East,1010,1099,15,Monday,October,19
2024-10-07,West,736,789,14,Monday,October,16
2024-10-08,North,1249,1325,14,Tuesday,October,10
2024-10-08,South,946,1007,12,Tuesday,October,3
2024-10-08,East,1008,1061,11,Tuesday,October,6
2024-10-08,West,766,806,10,Tuesday,October,4
2024-10-09,North,1404,1477,14,Wednesday,October,0
2024-10-09,South,940,1001,14,Wednesday,October,-5
2024-10-09,East,1204,1296,11,Wednesday,October,9
2024-10-09,West,749,810,14,Wednesday,October,19
2024-10-10,North,1372,1493,13,Thursday,October,13
2024-10-10,South,1071,1125,13,Thursday,October,19
2024-10-10,East,1204,1314,13,Thursday,October,14
2024-10-10,West,797,852,15,Thursday,October,8
2024-10-11,North,1269,1355,14,Friday,October,7
2024-10-11,South,914,986,17,Friday,October,19
2024-10-11,East,1003,1070,14,Friday,October,8
2024-10-11,West,702,754,11,Friday,October,8
2024-10-12,North,990,1059,11,Saturday,October,18
2024-10-12,South,839,880,14,Saturday,October,15
2024-10-12,East,840,909,10,Saturday,October,17
2024-10-12,West,584,634,11,Saturday,October,11
2024-10-13,North,948,1018,14,Sunday,October,12
2024-10-13,South,749,799,11,Sunday,October,15
2024-10-13,East,879,924,14,Sunday,October,16
2024-10-13,West,542,584,14,Sunday,October,3
2024-10-14,North,1214,1281,12,Monday,October,-2
2024-10-14,South,997,1050,14,Monday,October,8
2024-10-14,East,1022,1081,16,Monday,October,-3
2024-10-14,West,716,767,14,Monday,October,11
2024-10-15,North,1326,1413,14,Tuesday,October,3
2024-10-15,South,1055,1111,14,Tuesday,October,6
2024-10-15,East,1191,1271,13,Tuesday,October,1
2024-10-15,West,797,849,18,Tuesday,October,7
2024-10-16,North,1292,1395,16,Wednesday,October,13
2024-10-16,South,993,1071,17,Wednesday,October,19
2024-10-16,East,1186,1254,16,Wednesday,October,1
2024-10-16,West,844,889,16,Wednesday,October,-5
2024-10-17,North,1337,1427,14,Thursday,October,1
2024-10-17,South,966,1016,14,Thursday,October,5
2024-10-17,East,1091,1186,17,Thursday,October,6
2024-10-17,West,700,763,16,Thursday,October,12
2024-10-18,North,1257,1351,10,Friday,October,-4
2024-10-18,South,1054,1139,16,Friday,October,19
2024-10-18,East,993,1054,16,Friday,October,1
2024-10-18,West,786,833,14,Friday,October,3
2024-10-19,North,922,1005,16,Saturday,October,-1
2024-10-19,South,805,866,12,Saturday,October,1
2024-10-19,East,828,895,10,Saturday,October,-3
2024-10-19,West,557,590,13,Saturday,October,0
2024-10-20,North,996,1088,17,Sunday,October,-3
2024-10-20,South,747,815,11,Sunday,October,-2
2024-10-20,East,766,805,14,Sunday,October,10
2024-10-20,West,602,658,14,Sunday,October,7
2024-10-21,North,1217,1333,15,Monday,October,-4
2024-10-21,South,927,998,15,Monday,October,-5
2024-10-21,East,1062,1146,14,Monday,October,11
2024-10-21,West,704,745,11,Monday,October,8
2024-10-22,North,1324,1406,13,Tuesday,October,5
2024-10-22,South,1027,1115,10,Tuesday,October,7
2024-10-22,East,1010,1074,15,Tuesday,October,19
2024-10-22,West,701,747,15,Tuesday,October,3
2024-10-23,North,1297,1363,13,Wednesday,October,8
2024-10-23,South,1086,1142,17,Wednesday,October,0
2024-10-23,East,1150,1225,13,Wednesday,October,7
2024-10-23,West,719,756,14,Wednesday,October,12
2024-10-24,North,1366,1471,14,Thursday,October,6
2024-10-24,South,905,962,13,Thursday,October,5
2024-10-24,East,1175,1252,15,Thursday,October,8
2024-10-24,West,820,870,13,Thursday,October,13
2024-10-25,North,1383,1494,10,Friday,October,13
2024-10-25,South,957,1039,13,Friday,October,-5
2024-10-25,East,1173,1278,16,Friday,October,11
2024-10-25,West,840,919,15,Friday,October,2
2024-10-26,North,1029,1101,14,Saturday,October,16
2024-10-26,South,697,753,15,Saturday,October,7
2024-10-26,East,787,832,17,Saturday,October,15
2024-10-26,West,587,620,13,Saturday,October,0
2024-10-27,North,990,1072,14,Sunday,October,17
2024-10-27,South,778,853,13,Sunday,October,9
2024-10-27,East,792,850,14,Sunday,October,7
2024-10-27,West,562,592,16,Sunday,October,13
2024-10-28,North,1281,1395,14,Monday,October,0
2024-10-28,South,956,1039,13,Monday,October,15
2024-10-28,East,1151,1243,14,Monday,October,17
2024-10-28,West,741,811,10,Monday,October,3
2024-10-29,North,1236,1317,13,Tuesday,October,5
2024-10-29,South,947,1029,10,Tuesday,October,8
2024-10-29,East,1013,1070,14,Tuesday,October,-5
2024-10-29,West,707,764,14,Tuesday,October,18
2024-10-30,North,1325,1450,12,Wednesday,October,7
2024-10-30,South,988,1043,14,Wednesday,October,10
2024-10-30,East,1121,1222,13,Wednesday,October,10
2024-10-30,West,738,784,13,Wednesday,October,-5
2024-10-31,North,1258,1333,12,Thursday,October,-4
2024-10-31,South,977,1054,14,Thursday,October,0
2024-10-31,East,1125,1185,11,Thursday,October,4
2024-10-31,West,811,880,14,Thursday,October,18
2024-11-01,North,1293,1410,10,Friday,November,2
2024-11-01,South,1023,1115,17,Friday,November,10
2024-11-01,East,1063,1145,15,Friday,November,-1
2024-11-01,West,779,843,15,Friday,November,7
2024-11-02,North,921,1000,12,Saturday,November,3
2024-11-02,South,823,866,12,Saturday,November,3
2024-11-02,East,788,827,17,Saturday,November,4
2024-11-02,West,637,684,15,Saturday,November,4
2024-11-03,North,1103,1160,14,Sunday,November,16
2024-11-03,South,751,796,17,Sunday,November,1
2024-11-03,East,779,832,13,Sunday,November,-1
2024-11-03,West,626,678,17,Sunday,November,6
2024-11-04,North,1202,1273,17,Monday,November,1
2024-11-04,South,1016,1103,13,Monday,November,-3
2024-11-04,East,1084,1173,15,Monday,November,13
2024-11-04,West,754,791,14,Monday,November,10
2024-11-05,North,1402,1529,16,Tuesday,November,6
2024-11-05,South,1068,1166,12,Tuesday,November,0
2024-11-05,East,1131,1188,16,Tuesday,November,10
2024-11-05,West,767,809,12,Tuesday,November,10
2024-11-06,North,1401,1532,13,Wednesday,November,7
2024-11-06,South,1063,1157,12,Wednesday,November,0
2024-11-06,East,1141,1251,15,Wednesday,November,19
2024-11-06,West,701,759,12,Wednesday,November,13
2024-11-07,North,1268,1335,11,Thursday,November,8
2024-11-07,South,979,1032,15,Thursday,November,1
2024-11-07,East,1155,1259,17,Thursday,November,16
2024-11-07,West,825,871,15,Thursday,November,2
2024-11-08,North,1366,1451,16,Friday,November,16
2024-11-08,South,951,1039,17,Friday,November,10
2024-11-08,East,1176,1257,11,Friday,November,5
2024-11-08,West,797,862,13,Friday,November,-1
2024-11-09,North,1022,1103,14,Saturday,November,-1
2024-11-09,South,838,918,17,Saturday,November,-3
2024-11-09,East,907,982,15,Saturday,November,11
2024-11-09,West,571,603,14,Saturday,November,16
2024-11-10,North,1098,1155,17,Sunday,November,9
2024-11-10,South,820,870,15,Sunday,November,9
2024-11-10,East,911,962,17,Sunday,November,14
2024-11-10,West,600,659,13,Sunday,November,6
2024-11-11,North,1327,1404,11,Monday,November,1
2024-11-11,South,1065,1145,14,Monday,November,0
2024-11-11,East,1003,1073,14,Monday,November,-1
2024-11-11,West,795,858,13,Monday,November,15
2024-11-12,North,1296,1413,16,Tuesday,November,12
2024-11-12,South,1019,1091,14,Tuesday,November,17
2024-11-12,East,1155,1242,13,Tuesday,November,0
2024-11-12,West,740,808,12,Tuesday,November,10
2024-11-13,North,1287,1388,14,Wednesday,November,4
2024-11-13,South,934,980,17,Wednesday,November,16
2024-11-13,East,1153,1220,11,Wednesday,November,8
2024-11-13,West,827,898,12,Wednesday,November,-5
2024-11-14,North,1219,1311,13,Thursday,November,5
2024-11-14,South,1038,1126,12,Thursday,November,17
2024-11-14,East,997,1096,12,Thursday,November,17
2024-11-14,West,808,859,14,Thursday,November,18
2024-11-15,North,1399,1492,13,Friday,November,1
2024-11-15,South,1052,1150,15,Friday,November,16
2024-11-15,East,992,1080,14,Friday,November,-3
2024-11-15,West,817,870,14,Friday,November,0
2024-11-16,North,968,1042,18,Saturday,November,14
2024-11-16,South,820,871,14,Saturday,November,3
2024-11-16,East,766,819,12,Saturday,November,13
2024-11-16,West,537,588,10,Saturday,November,2
2024-11-17,North,980,1040,12,Sunday,November,9
2024-11-17,South,716,767,10,Sunday,November,-3
2024-11-17,East,826,885,17,Sunday,November,13
2024-11-17,West,574,605,17,Sunday,November,10
2024-11-18,North,1375,1512,13,Monday,November,17
2024-11-18,South,923,1005,11,Monday,November,18
2024-11-18,East,1052,1121,10,Monday,November,12
2024-11-18,West,722,787,14,Monday,November,-1
2024-11-19,North,1233,1324,15,Tuesday,November,10
2024-11-19,South,924,1009,10,Tuesday,November,10
2024-11-19,East,1015,1108,14,Tuesday,November,11
2024-11-19,West,819,896,12,Tuesday,November,1
2024-11-20,North,1320,1443,17,Wednesday,November,8
2024-11-20,South,998,1055,15,Wednesday,November,4
2024-11-20,East,1032,1106,16,Wednesday,November,16
2024-11-20,West,806,872,11,Wednesday,November,15
2024-11-21,North,1293,1408,12,Thursday,November,-5
2024-11-21,South,898,955,17,Thursday,November,6
2024-11-21,East,1203,1307,15,Thursday,November,17
2024-11-21,West,753,826,11,Thursday,November,17
2024-11-22,North,1406,1512,14,Friday,November,10
2024-11-22,South,1044,1114,14,Friday,November,17
2024-11-22,East,1129,1210,14,Friday,November,1
2024-11-22,West,829,896,16,Friday,November,1
2024-11-23,North,1085,1169,15,Saturday,November,0
2024-11-23,South,742,784,14,Saturday,November,-2
2024-11-23,East,858,911,13,Saturday,November,13
2024-11-23,West,563,599,15,Saturday,November,18
2024-11-24,North,1037,1116,15,Sunday,November,11
2024-11-24,South,718,770,14,Sunday,November,-2
2024-11-24,East,852,912,12,Sunday,November,16
2024-11-24,West,544,586,16,Sunday,November,19
2024-11-25,North,1348,1431,13,Monday,November,7
2024-11-25,South,999,1059,14,Monday,November,18
2024-11-25,East,1190,1249,14,Monday,November,18
2024-11-25,West,740,811,11,Monday,November,10
2024-11-26,North,1341,1455,12,Tuesday,November,12
2024-11-26,South,1066,1148,14,Tuesday,November,12
2024-11-26,East,1150,1224,14,Tuesday,November,11
2024-11-26,West,750,815,13,Tuesday,November,12
2024-11-27,North,1320,1424,14,Wednesday,November,6
2024-11-27,South,900,956,14,Wednesday,November,-1
2024-11-27,East,1181,1245,14,Wednesday,November,8
2024-11-27,West,841,901,14,Wednesday,November,-4
2024-11-28,North,1430,1541,12,Thursday,November,6
2024-11-28,South,1051,1121,13,Thursday,November,17
2024-11-28,East,1173,1289,16,Thursday,November,16
2024-11-28,West,788,856,16,Thursday,November,16
2024-11-29,North,1292,1359,13,Friday,November,10
2024-11-29,South,967,1043,14,Friday,November,0
2024-11-29,East,1129,1195,15,Friday,November,5
2024-11-29,West,710,766,14,Friday,November,19
2024-11-30,North,1016,1077,17,Saturday,November,5
2024-11-30,South,782,852,12,Saturday,November,6
2024-11-30,East,856,925,15,Saturday,November,6
2024-11-30,West,550,583,10,Saturday,November,-4
2024-12-01,North,1107,1182,13,Sunday,December,11
2024-12-01,South,980,1055,11,Sunday,December,8
2024-12-01,East,1040,1130,15,Sunday,December,-2
2024-12-01,West,702,747,17,Sunday,December,8
2024-12-02,North,1447,1584,11,Monday,December,6
2024-12-02,South,1269,1371,13,Monday,December,2
2024-12-02,East,1312,1433,13,Monday,December,15
2024-12-02,West,847,922,16,Monday,December,5
2024-12-03,North,1512,1650,15,Tuesday,December,15
2024-12-03,South,1196,1293,12,Tuesday,December,11
2024-12-03,East,1324,1439,16,Tuesday,December,0
2024-12-03,West,990,1072,13,Tuesday,December,8
2024-12-04,North,1509,1636,12,Wednesday,December,17
2024-12-04,South,1130,1189,15,Wednesday,December,11
2024-12-04,East,1397,1523,14,Wednesday,December,1
2024-12-04,West,942,996,13,Wednesday,December,16
2024-12-05,North,1710,1845,11,Thursday,December,6
2024-12-05,South,1250,1349,12,Thursday,December,13
2024-12-05,East,1316,1383,12,Thursday,December,-4
2024-12-05,West,929,990,14,Thursday,December,4
2024-12-06,North,1683,1788,15,Friday,December,4
2024-12-06,South,1172,1269,13,Friday,December,15
2024-12-06,East,1400,1479,10,Friday,December,14
2024-12-06,West,1002,1077,13,Friday,December,0
2024-12-07,North,1306,1427,13,Saturday,December,4
2024-12-07,South,995,1045,14,Saturday,December,12
2024-12-07,East,930,991,15,Saturday,December,15
2024-12-07,West,716,773,12,Saturday,December,18
2024-12-08,North,1217,1325,15,Sunday,December,14
2024-12-08,South,979,1039,12,Sunday,December,8
2024-12-08,East,1086,1160,18,Sunday,December,19
2024-12-08,West,659,693,10,Sunday,December,17
2024-12-09,North,1462,1538,13,Monday,December,15
2024-12-09,South,1128,1190,13,Monday,December,14
2024-12-09,East,1306,1409,14,Monday,December,8
2024-12-09,West,896,968,16,Monday,December,15
2024-12-10,North,1457,1585,17,Tuesday,December,-2
2024-12-10,South,1191,1267,14,Tuesday,December,4
2024-12-10,East,1354,1452,14,Tuesday,December,17
2024-12-10,West,880,931,11,Tuesday,December,-4
2024-12-11,North,1443,1550,17,Wednesday,December,-1
2024-12-11,South,1108,1166,13,Wednesday,December,-3
2024-12-11,East,1412,1522,14,Wednesday,December,6
2024-12-11,West,999,1086,14,Wednesday,December,-1
2024-12-12,North,1616,1703,15,Thursday,December,18
2024-12-12,South,1151,1210,15,Thursday,December,3
2024-12-12,East,1295,1416,15,Thursday,December,4
2024-12-12,West,964,1025,13,Thursday,December,9
2024-12-13,North,1489,1631,15,Friday,December,-3
2024-12-13,South,1140,1207,15,Friday,December,-5
2024-12-13,East,1243,1348,17,Friday,December,17
2024-12-13,West,891,956,11,Friday,December,1
2024-12-14,North,1152,1217,12,Saturday,December,-2
2024-12-14,South,980,1068,13,Saturday,December,6
2024-12-14,East,1008,1099,16,Saturday,December,3
2024-12-14,West,719,787,13,Saturday,December,18
2024-12-15,North,1131,1242,12,Sunday,December,1
2024-12-15,South,999,1082,13,Sunday,December,4
2024-12-15,East,1005,1086,12,Sunday,December,3
2024-12-15,West,751,823,12,Sunday,December,19
2024-12-16,North,1500,1598,13,Monday,December,16
2024-12-16,South,1136,1210,18,Monday,December,12
2024-12-16,East,1200,1280,13,Monday,December,-4
2024-12-16,West,979,1049,16,Monday,December,12
2024-12-17,North,1660,1788,15,Tuesday,December,-4
2024-12-17,South,1248,1334,14,Tuesday,December,7
2024-12-17,East,1252,1332,17,Tuesday,December,14
2024-12-17,West,887,952,11,Tuesday,December,11
2024-12-18,North,1552,1634,14,Wednesday,December,4
2024-12-18,South,1229,1291,13,Wednesday,December,17
2024-12-18,East,1298,1408,13,Wednesday,December,1
2024-12-18,West,878,962,11,Wednesday,December,9
2024-12-19,North,1542,1694,13,Thursday,December,-4
2024-12-19,South,1272,1365,13,Thursday,December,19
2024-12-19,East,1398,1528,14,Thursday,December,6
2024-12-19,West,919,999,15,Thursday,December,12
2024-12-20,North,1698,1823,10,Friday,December,17
2024-12-20,South,1076,1168,16,Friday,December,17
2024-12-20,East,1229,1294,16,Friday,December,10
2024-12-20,West,926,985,14,Friday,December,7
2024-12-21,North,1260,1361,11,Saturday,December,-2
2024-12-21,South,880,958,14,Saturday,December,1
2024-12-21,East,919,968,13,Saturday,December,-4
2024-12-21,West,691,759,14,Saturday,December,7
2024-12-22,North,1114,1194,12,Sunday,December,13
2024-12-22,South,921,972,17,Sunday,December,8
2024-12-22,East,955,1004,10,Sunday,December,-1
2024-12-22,West,645,683,13,Sunday,December,2
2024-12-23,North,1561,1641,16,Monday,December,-5
2024-12-23,South,1095,1183,14,Monday,December,5
2024-12-23,East,1329,1427,13,Monday,December,0
2024-12-23,West,999,1088,14,Monday,December,10
2024-12-24,North,1730,1860,14,Tuesday,December,16
2024-12-24,South,1280,1360,14,Tuesday,December,9
2024-12-24,East,1262,1342,13,Tuesday,December,-5
2024-12-24,West,940,1025,13,Tuesday,December,2
2024-12-25,North,1474,1580,14,Wednesday,December,17
2024-12-25,South,1086,1146,16,Wednesday,December,18
2024-12-25,East,1443,1583,13,Wednesday,December,7
2024-12-25,West,895,975,14,Wednesday,December,13
2024-12-26,North,1726,1820,11,Thursday,December,4
2024-12-26,South,1293,1408,10,Thursday,December,-4
2024-12-26,East,1306,1416,15,Thursday,December,1
2024-12-26,West,991,1087,12,Thursday,December,1
2024-12-27,North,1554,1644,17,Friday,December,-1
2024-12-27,South,1082,1181,10,Friday,December,-2
2024-12-27,East,1331,1443,14,Friday,December,19
2024-12-27,West,955,1009,16,Friday,December,5
2024-12-28,North,1143,1222,13,Saturday,December,3
2024-12-28,South,969,1040,16,Saturday,December,16
2024-12-28,East,1080,1152,15,Saturday,December,15
2024-12-28,West,674,724,12,Saturday,December,1
2024-12-29,North,1226,1314,17,Sunday,December,12
2024-12-29,South,946,1034,12,Sunday,December,2
2024-12-29,East,1036,1124,13,Sunday,December,12
2024-12-29,West,661,702,14,Sunday,December,3
2024-12-30,North,1502,1649,17,Monday,December,-1
2024-12-30,South,1191,1291,16,Monday,December,19
2024-12-30,East,1422,1504,11,Monday,December,17
2024-12-30,West,853,905,11,Monday,December,9
